Workbook

Sheet Instrucciones
A1: CoHost Pro — Seguimiento de Ingresos
A2: Sistema para controlar tus comisiones de co-hosting en Airbnb
B5: Cómo usar este archivo
B6: 1. Propiedades — Registra cada propiedad que administras: tarifa, ocupación estimada y tu comisión. La hoja calcula sola tu ingreso mensual proyectado.
B7: 2. Reservas — Anota cada reserva real. La hoja calcula el ingreso bruto y tu comisión automáticamente.
B8: 3. Resumen — Ve tus totales: comisión real ganada, comisión proyectada y desglose por propiedad. Todo se actualiza solo.
B10: Código de colores
B11: Celdas azules — Son las que TÚ editas (datos que capturas).
B12: Celdas negras — Son fórmulas automáticas. No las toques: se calculan solas.
B13: Celdas amarillas — Supuestos clave que puedes ajustar (por ejemplo, comisión por defecto).
B15: Consejo — Empieza cargando tus propiedades en la hoja "Propiedades". Luego cada vez que cierres una reserva, agrégala en "Reservas".

Sheet Propiedades
A1: Propiedades administradas
A3: Propiedad | B3: Dueño | C3: Ciudad | D3: Tarifa/noche | E3: Ocupación | F3: Comisión % | G3: Costos mensuales | H3: Noches/mes | I3: Ingreso bruto/mes | J3: Tu comisión/mes | K3: Neto dueño/mes
A4: Depto Centro 2R | B4: Ana Martínez | C4: CDMX | D4: 80 | E4: 0.65 | F4: 0.2 | G4: 150 | H4: =IF(D4="","",30*E4) | I4: =IF(D4="","",D4*H4) | J4: =IF(D4="","",I4*F4) | K4: =IF(D4="","",I4-J4-G4)
H5: =IF(D5="","",30*E5) | I5: =IF(D5="","",D5*H5) | J5: =IF(D5="","",I5*F5) | K5: =IF(D5="","",I5-J5-G5)
H6: =IF(D6="","",30*E6) | I6: =IF(D6="","",D6*H6) | J6: =IF(D6="","",I6*F6) | K6: =IF(D6="","",I6-J6-G6)
H7: =IF(D7="","",30*E7) | I7: =IF(D7="","",D7*H7) | J7: =IF(D7="","",I7*F7) | K7: =IF(D7="","",I7-J7-G7)
H8: =IF(D8="","",30*E8) | I8: =IF(D8="","",D8*H8) | J8: =IF(D8="","",I8*F8) | K8: =IF(D8="","",I8-J8-G8)
H9: =IF(D9="","",30*E9) | I9: =IF(D9="","",D9*H9) | J9: =IF(D9="","",I9*F9) | K9: =IF(D9="","",I9-J9-G9)
H10: =IF(D10="","",30*E10) | I10: =IF(D10="","",D10*H10) | J10: =IF(D10="","",I10*F10) | K10: =IF(D10="","",I10-J10-G10)
H11: =IF(D11="","",30*E11) | I11: =IF(D11="","",D11*H11) | J11: =IF(D11="","",I11*F11) | K11: =IF(D11="","",I11-J11-G11)
H12: =IF(D12="","",30*E12) | I12: =IF(D12="","",D12*H12) | J12: =IF(D12="","",I12*F12) | K12: =IF(D12="","",I12-J12-G12)
H13: =IF(D13="","",30*E13) | I13: =IF(D13="","",D13*H13) | J13: =IF(D13="","",I13*F13) | K13: =IF(D13="","",I13-J13-G13)
H14: =IF(D14="","",30*E14) | I14: =IF(D14="","",D14*H14) | J14: =IF(D14="","",I14*F14) | K14: =IF(D14="","",I14-J14-G14)
H15: =IF(D15="","",30*E15) | I15: =IF(D15="","",D15*H15) | J15: =IF(D15="","",I15*F15) | K15: =IF(D15="","",I15-J15-G15)
H16: =IF(D16="","",30*E16) | I16: =IF(D16="","",D16*H16) | J16: =IF(D16="","",I16*F16) | K16: =IF(D16="","",I16-J16-G16)
... H33: =IF(D33="","",30*E33) | I33: =IF(D33="","",D33*H33) | J33: =IF(D33="","",I33*F33) | K33: =IF(D33="","",I33-J33-G33)
A34: TOTAL | I34: =SUM(I4:I33) | J34: =SUM(J4:J33) | K34: =SUM(K4:K33)

Sheet Reservas
A1: Registro de reservas
A3: Check-in | B3: Propiedad | C3: Huésped | D3: Noches | E3: Tarifa/noche | F3: Cargos extra | G3: Comisión % | H3: Ingreso bruto | I3: Tu comisión | J3: Estado
A4: 2026-08-05 | B4: Depto Centro 2R | C4: Carlos Ruiz | D4: 4 | E4: 80 | F4: 25 | G4: 0.2 | H4: =IF(D4="","",D4*E4+N(F4)) | I4: =IF(D4="","",H4*G4) | J4: Confirmada
H5: =IF(D5="","",D5*E5+N(F5)) | I5: =IF(D5="","",H5*G5)
H6: =IF(D6="","",D6*E6+N(F6)) | I6: =IF(D6="","",H6*G6)
H7: =IF(D7="","",D7*E7+N(F7)) | I7: =IF(D7="","",H7*G7)
H8: =IF(D8="","",D8*E8+N(F8)) | I8: =IF(D8="","",H8*G8)
H9: =IF(D9="","",D9*E9+N(F9)) | I9: =IF(D9="","",H9*G9)
H10: =IF(D10="","",D10*E10+N(F10)) | I10: =IF(D10="","",H10*G10)
H11: =IF(D11="","",D11*E11+N(F11)) | I11: =IF(D11="","",H11*G11)
H12: =IF(D12="","",D12*E12+N(F12)) | I12: =IF(D12="","",H12*G12)
H13: =IF(D13="","",D13*E13+N(F13)) | I13: =IF(D13="","",H13*G13)
H14: =IF(D14="","",D14*E14+N(F14)) | I14: =IF(D14="","",H14*G14)
H15: =IF(D15="","",D15*E15+N(F15)) | I15: =IF(D15="","",H15*G15)
H16: =IF(D16="","",D16*E16+N(F16)) | I16: =IF(D16="","",H16*G16)
... H63: =IF(D63="","",D63*E63+N(F63)) | I63: =IF(D63="","",H63*G63)

Sheet Resumen
A1: Resumen del negocio
A2: Se actualiza solo a partir de Propiedades y Reservas
A4: Comisión real ganada | B4: =SUMIFS(Reservas!I4:I63,Reservas!J4:J63,"<>Cancelada")
A5: Ingreso bruto gestionado | B5: =SUMIFS(Reservas!H4:H63,Reservas!J4:J63,"<>Cancelada")
A6: Comisión proyectada / mes | B6: =SUM(Propiedades!J4:J33)
A7: Comisión proyectada / año | B7: =B6*12
A8: Propiedades registradas | B8: =COUNTA(Propiedades!A4:A33)
A9: Reservas registradas | B9: =COUNTA(Reservas!A4:A63)
A12: Comisión real por propiedad
A13: Propiedad | B13: Comisión ganada | C13: Reservas
A14: =IF(Propiedades!A4="","",Propiedades!A4) | B14: =IF(Propiedades!A4="","",SUMIFS(Reservas!I4:I63,Reservas!B4:B63,Propiedades!A4,Reservas!J4:J63,"<>Cancelada")) | C14: =IF(Propiedades!A4="","",COUNTIFS(Reservas!B4:B63,Propiedades!A4))
A15: =IF(Propiedades!A5="","",Propiedades!A5) | B15: =IF(Propiedades!A5="","",SUMIFS(Reservas!I4:I63,Reservas!B4:B63,Propiedades!A5,Reservas!J4:J63,"<>Cancelada")) | C15: =IF(Propiedades!A5="","",COUNTIFS(Reservas!B4:B63,Propiedades!A5))
A16: =IF(Propiedades!A6="","",Propiedades!A6) | B16: =IF(Propiedades!A6="","",SUMIFS(Reservas!I4:I63,Reservas!B4:B63,Propiedades!A6,Reservas!J4:J63,"<>Cancelada")) | C16: =IF(Propiedades!A6="","",COUNTIFS(Reservas!B4:B63,Propiedades!A6))
A17: =IF(Propiedades!A7="","",Propiedades!A7) | B17: =IF(Propiedades!A7="","",SUMIFS(Reservas!I4:I63,Reservas!B4:B63,Propiedades!A7,Reservas!J4:J63,"<>Cancelada")) | C17: =IF(Propiedades!A7="","",COUNTIFS(Reservas!B4:B63,Propiedades!A7))
A18: =IF(Propiedades!A8="","",Propiedades!A8) | B18: =IF(Propiedades!A8="","",SUMIFS(Reservas!I4:I63,Reservas!B4:B63,Propiedades!A8,Reservas!J4:J63,"<>Cancelada")) | C18: =IF(Propiedades!A8="","",COUNTIFS(Reservas!B4:B63,Propiedades!A8))
A19: =IF(Propiedades!A9="","",Propiedades!A9) | B19: =IF(Propiedades!A9="","",SUMIFS(Reservas!I4:I63,Reservas!B4:B63,Propiedades!A9,Reservas!J4:J63,"<>Cancelada")) | C19: =IF(Propiedades!A9="","",COUNTIFS(Reservas!B4:B63,Propiedades!A9))
A20: =IF(Propiedades!A10="","",Propiedades!A10) | B20: =IF(Propiedades!A10="","",SUMIFS(Reservas!I4:I63,Reservas!B4:B63,Propiedades!A10,Reservas!J4:J63,"<>Cancelada")) | C20: =IF(Propiedades!A10="","",COUNTIFS(Reservas!B4:B63,Propiedades!A10))
A21: =IF(Propiedades!A11="","",Propiedades!A11) | B21: =IF(Propiedades!A11="","",SUMIFS(Reservas!I4:I63,Reservas!B4:B63,Propiedades!A11,Reservas!J4:J63,"<>Cancelada")) | C21: =IF(Propiedades!A11="","",COUNTIFS(Reservas!B4:B63,Propiedades!A11))
A22: =IF(Propiedades!A12="","",Propiedades!A12) | B22: =IF(Propiedades!A12="","",SUMIFS(Reservas!I4:I63,Reservas!B4:B63,Propiedades!A12,Reservas!J4:J63,"<>Cancelada")) | C22: =IF(Propiedades!A12="","",COUNTIFS(Reservas!B4:B63,Propiedades!A12))
A23: =IF(Propiedades!A13="","",Propiedades!A13) | B23: =IF(Propiedades!A13="","",SUMIFS(Reservas!I4:I63,Reservas!B4:B63,Propiedades!A13,Reservas!J4:J63,"<>Cancelada")) | C23: =IF(Propiedades!A13="","",COUNTIFS(Reservas!B4:B63,Propiedades!A13))
A24: =IF(Propiedades!A14="","",Propiedades!A14) | B24: =IF(Propiedades!A14="","",SUMIFS(Reservas!I4:I63,Reservas!B4:B63,Propiedades!A14,Reservas!J4:J63,"<>Cancelada")) | C24: =IF(Propiedades!A14="","",COUNTIFS(Reservas!B4:B63,Propiedades!A14))
A25: =IF(Propiedades!A15="","",Propiedades!A15) | B25: =IF(Propiedades!A15="","",SUMIFS(Reservas!I4:I63,Reservas!B4:B63,Propiedades!A15,Reservas!J4:J63,"<>Cancelada")) | C25: =IF(Propiedades!A15="","",COUNTIFS(Reservas!B4:B63,Propiedades!A15))
A26: =IF(Propiedades!A16="","",Propiedades!A16) | B26: =IF(Propiedades!A16="","",SUMIFS(Reservas!I4:I63,Reservas!B4:B63,Propiedades!A16,Reservas!J4:J63,"<>Cancelada")) | C26: =IF(Propiedades!A16="","",COUNTIFS(Reservas!B4:B63,Propiedades!A16))
A27: =IF(Propiedades!A17="","",Propiedades!A17) | B27: =IF(Propiedades!A17="","",SUMIFS(Reservas!I4:I63,Reservas!B4:B63,Propiedades!A17,Reservas!J4:J63,"<>Cancelada")) | C27: =IF(Propiedades!A17="","",COUNTIFS(Reservas!B4:B63,Propiedades!A17))
A28: =IF(Propiedades!A18="","",Propiedades!A18) | B28: =IF(Propiedades!A18="","",SUMIFS(Reservas!I4:I63,Reservas!B4:B63,Propiedades!A18,Reservas!J4:J63,"<>Cancelada")) | C28: =IF(Propiedades!A18="","",COUNTIFS(Reservas!B4:B63,Propiedades!A18))
A29: =IF(Propiedades!A19="","",Propiedades!A19) | B29: =IF(Propiedades!A19="","",SUMIFS(Reservas!I4:I63,Reservas!B4:B63,Propiedades!A19,Reservas!J4:J63,"<>Cancelada")) | C29: =IF(Propiedades!A19="","",COUNTIFS(Reservas!B4:B63,Propiedades!A19))
A30: =IF(Propiedades!A20="","",Propiedades!A20) | B30: =IF(Propiedades!A20="","",SUMIFS(Reservas!I4:I63,Reservas!B4:B63,Propiedades!A20,Reservas!J4:J63,"<>Cancelada")) | C30: =IF(Propiedades!A20="","",COUNTIFS(Reservas!B4:B63,Propiedades!A20))
A31: =IF(Propiedades!A21="","",Propiedades!A21) | B31: =IF(Propiedades!A21="","",SUMIFS(Reservas!I4:I63,Reservas!B4:B63,Propiedades!A21,Reservas!J4:J63,"<>Cancelada")) | C31: =IF(Propiedades!A21="","",COUNTIFS(Reservas!B4:B63,Propiedades!A21))
A32: =IF(Propiedades!A22="","",Propiedades!A22) | B32: =IF(Propiedades!A22="","",SUMIFS(Reservas!I4:I63,Reservas!B4:B63,Propiedades!A22,Reservas!J4:J63,"<>Cancelada")) | C32: =IF(Propiedades!A22="","",COUNTIFS(Reservas!B4:B63,Propiedades!A22))
A33: =IF(Propiedades!A23="","",Propiedades!A23) | B33: =IF(Propiedades!A23="","",SUMIFS(Reservas!I4:I63,Reservas!B4:B63,Propiedades!A23,Reservas!J4:J63,"<>Cancelada")) | C33: =IF(Propiedades!A23="","",COUNTIFS(Reservas!B4:B63,Propiedades!A23))
A34: =IF(Propiedades!A24="","",Propiedades!A24) | B34: =IF(Propiedades!A24="","",SUMIFS(Reservas!I4:I63,Reservas!B4:B63,Propiedades!A24,Reservas!J4:J63,"<>Cancelada")) | C34: =IF(Propiedades!A24="","",COUNTIFS(Reservas!B4:B63,Propiedades!A24))
A35: =IF(Propiedades!A25="","",Propiedades!A25) | B35: =IF(Propiedades!A25="","",SUMIFS(Reservas!I4:I63,Reservas!B4:B63,Propiedades!A25,Reservas!J4:J63,"<>Cancelada")) | C35: =IF(Propiedades!A25="","",COUNTIFS(Reservas!B4:B63,Propiedades!A25))
A36: =IF(Propiedades!A26="","",Propiedades!A26) | B36: =IF(Propiedades!A26="","",SUMIFS(Reservas!I4:I63,Reservas!B4:B63,Propiedades!A26,Reservas!J4:J63,"<>Cancelada")) | C36: =IF(Propiedades!A26="","",COUNTIFS(Reservas!B4:B63,Propiedades!A26))
A37: =IF(Propiedades!A27="","",Propiedades!A27) | B37: =IF(Propiedades!A27="","",SUMIFS(Reservas!I4:I63,Reservas!B4:B63,Propiedades!A27,Reservas!J4:J63,"<>Cancelada")) | C37: =IF(Propiedades!A27="","",COUNTIFS(Reservas!B4:B63,Propiedades!A27))
A38: =IF(Propiedades!A28="","",Propiedades!A28) | B38: =IF(Propiedades!A28="","",SUMIFS(Reservas!I4:I63,Reservas!B4:B63,Propiedades!A28,Reservas!J4:J63,"<>Cancelada")) | C38: =IF(Propiedades!A28="","",COUNTIFS(Reservas!B4:B63,Propiedades!A28))
A39: =IF(Propiedades!A29="","",Propiedades!A29) | B39: =IF(Propiedades!A29="","",SUMIFS(Reservas!I4:I63,Reservas!B4:B63,Propiedades!A29,Reservas!J4:J63,"<>Cancelada")) | C39: =IF(Propiedades!A29="","",COUNTIFS(Reservas!B4:B63,Propiedades!A29))
A40: =IF(Propiedades!A30="","",Propiedades!A30) | B40: =IF(Propiedades!A30="","",SUMIFS(Reservas!I4:I63,Reservas!B4:B63,Propiedades!A30,Reservas!J4:J63,"<>Cancelada")) | C40: =IF(Propiedades!A30="","",COUNTIFS(Reservas!B4:B63,Propiedades!A30))
A41: =IF(Propiedades!A31="","",Propiedades!A31) | B41: =IF(Propiedades!A31="","",SUMIFS(Reservas!I4:I63,Reservas!B4:B63,Propiedades!A31,Reservas!J4:J63,"<>Cancelada")) | C41: =IF(Propiedades!A31="","",COUNTIFS(Reservas!B4:B63,Propiedades!A31))
A42: =IF(Propiedades!A32="","",Propiedades!A32) | B42: =IF(Propiedades!A32="","",SUMIFS(Reservas!I4:I63,Reservas!B4:B63,Propiedades!A32,Reservas!J4:J63,"<>Cancelada")) | C42: =IF(Propiedades!A32="","",COUNTIFS(Reservas!B4:B63,Propiedades!A32))
A43: =IF(Propiedades!A33="","",Propiedades!A33) | B43: =IF(Propiedades!A33="","",SUMIFS(Reservas!I4:I63,Reservas!B4:B63,Propiedades!A33,Reservas!J4:J63,"<>Cancelada")) | C43: =IF(Propiedades!A33="","",COUNTIFS(Reservas!B4:B63,Propiedades!A33))
